--
-- PostgreSQL database dump
--

-- Dumped from database version 15.2
-- Dumped by pg_dump version 15.2

SET statement_timeout = 0;
SET lock_timeout = 0;
SET idle_in_transaction_session_timeout = 0;
SET client_encoding = 'UTF8';
SET standard_conforming_strings = on;
SELECT pg_catalog.set_config('search_path', '', false);
SET check_function_bodies = false;
SET xmloption = content;
SET client_min_messages = warning;
SET row_security = off;

--
-- Name: actualizar_existencia(); Type: FUNCTION; Schema: public; Owner: postgres
--

CREATE FUNCTION public.actualizar_existencia() RETURNS trigger
    LANGUAGE plpgsql
    AS $$
BEGIN
  IF TG_OP = 'INSERT' THEN
    UPDATE public.productos SET existencia = existencia - NEW.cantidad WHERE id = NEW.producto_id;
    RETURN NEW;
  ELSIF TG_OP = 'DELETE' THEN
    UPDATE public.productos SET existencia = existencia + OLD.cantidad WHERE id = OLD.producto_id;
    RETURN OLD;
  END IF;
END;
$$;


ALTER FUNCTION public.actualizar_existencia() OWNER TO postgres;

--
-- Name: actualizar_existencia_compras(); Type: FUNCTION; Schema: public; Owner: postgres
--

CREATE FUNCTION public.actualizar_existencia_compras() RETURNS trigger
    LANGUAGE plpgsql
    AS $$
BEGIN
  IF TG_OP = 'INSERT' THEN
    UPDATE public.productos SET existencia = existencia + NEW.cantidad WHERE id = NEW.producto_id;
    RETURN NEW;
  ELSIF TG_OP = 'DELETE' THEN
    UPDATE public.productos SET existencia = existencia - OLD.cantidad WHERE id = OLD.producto_id;
    RETURN OLD;
  END IF;
END;
$$;


ALTER FUNCTION public.actualizar_existencia_compras() OWNER TO postgres;

--
-- Name: actualizar_existencia_inventario(); Type: FUNCTION; Schema: public; Owner: postgres
--

CREATE FUNCTION public.actualizar_existencia_inventario() RETURNS trigger
    LANGUAGE plpgsql
    AS $$
BEGIN
  IF TG_OP = 'INSERT' THEN
    UPDATE public.productos SET existencia = NEW.cantidad WHERE id = NEW.producto_id;
    RETURN NEW;
  ELSIF TG_OP = 'DELETE' THEN
    UPDATE public.productos SET existencia = OLD.cantidad WHERE id = OLD.producto_id;
    RETURN OLD;
  END IF;
END;
$$;


ALTER FUNCTION public.actualizar_existencia_inventario() OWNER TO postgres;

SET default_tablespace = '';

SET default_table_access_method = heap;

--
-- Name: ajuste_stock; Type: TABLE; Schema: public; Owner: postgres
--

CREATE TABLE public.ajuste_stock (
    id bigint NOT NULL,
    create_at date,
    observacion character varying(255),
    total_costo numeric(38,2),
    proveedor_id bigint
);


ALTER TABLE public.ajuste_stock OWNER TO postgres;

--
-- Name: ajuste_stock_detalle; Type: TABLE; Schema: public; Owner: postgres
--

CREATE TABLE public.ajuste_stock_detalle (
    id bigint NOT NULL,
    cantidad integer,
    total_linea numeric(38,2),
    producto_id bigint,
    ajuste_stock_id bigint
);


ALTER TABLE public.ajuste_stock_detalle OWNER TO postgres;

--
-- Name: ajuste_stock_detalle_id_seq; Type: SEQUENCE; Schema: public; Owner: postgres
--

CREATE SEQUENCE public.ajuste_stock_detalle_id_seq
    START WITH 1
    INCREMENT BY 1
    NO MINVALUE
    NO MAXVALUE
    CACHE 1;


ALTER TABLE public.ajuste_stock_detalle_id_seq OWNER TO postgres;

--
-- Name: ajuste_stock_detalle_id_seq; Type: SEQUENCE OWNED BY; Schema: public; Owner: postgres
--

ALTER SEQUENCE public.ajuste_stock_detalle_id_seq OWNED BY public.ajuste_stock_detalle.id;


--
-- Name: ajuste_stock_id_seq; Type: SEQUENCE; Schema: public; Owner: postgres
--

CREATE SEQUENCE public.ajuste_stock_id_seq
    START WITH 1
    INCREMENT BY 1
    NO MINVALUE
    NO MAXVALUE
    CACHE 1;


ALTER TABLE public.ajuste_stock_id_seq OWNER TO postgres;

--
-- Name: ajuste_stock_id_seq; Type: SEQUENCE OWNED BY; Schema: public; Owner: postgres
--

ALTER SEQUENCE public.ajuste_stock_id_seq OWNED BY public.ajuste_stock.id;


--
-- Name: clientes; Type: TABLE; Schema: public; Owner: postgres
--

CREATE TABLE public.clientes (
    id bigint NOT NULL,
    chapa character varying(255),
    create_at date,
    documento character varying(255),
    nombre_completo character varying(255),
    telefono character varying(255)
);


ALTER TABLE public.clientes OWNER TO postgres;

--
-- Name: clientes_id_seq; Type: SEQUENCE; Schema: public; Owner: postgres
--

CREATE SEQUENCE public.clientes_id_seq
    START WITH 1
    INCREMENT BY 1
    NO MINVALUE
    NO MAXVALUE
    CACHE 1;


ALTER TABLE public.clientes_id_seq OWNER TO postgres;

--
-- Name: clientes_id_seq; Type: SEQUENCE OWNED BY; Schema: public; Owner: postgres
--

ALTER SEQUENCE public.clientes_id_seq OWNED BY public.clientes.id;


--
-- Name: compras; Type: TABLE; Schema: public; Owner: postgres
--

CREATE TABLE public.compras (
    id bigint NOT NULL,
    create_at date,
    descripcion character varying(255),
    nro_factura character varying(255),
    observacion character varying(255),
    total_compra numeric(38,2),
    proveedor_id bigint
);


ALTER TABLE public.compras OWNER TO postgres;

--
-- Name: compras_detalles; Type: TABLE; Schema: public; Owner: postgres
--

CREATE TABLE public.compras_detalles (
    id bigint NOT NULL,
    cantidad integer,
    total_linea numeric(38,2),
    producto_id bigint,
    compra_id bigint
);


ALTER TABLE public.compras_detalles OWNER TO postgres;

--
-- Name: compras_detalles_id_seq; Type: SEQUENCE; Schema: public; Owner: postgres
--

CREATE SEQUENCE public.compras_detalles_id_seq
    START WITH 1
    INCREMENT BY 1
    NO MINVALUE
    NO MAXVALUE
    CACHE 1;


ALTER TABLE public.compras_detalles_id_seq OWNER TO postgres;

--
-- Name: compras_detalles_id_seq; Type: SEQUENCE OWNED BY; Schema: public; Owner: postgres
--

ALTER SEQUENCE public.compras_detalles_id_seq OWNED BY public.compras_detalles.id;


--
-- Name: compras_id_seq; Type: SEQUENCE; Schema: public; Owner: postgres
--

CREATE SEQUENCE public.compras_id_seq
    START WITH 1
    INCREMENT BY 1
    NO MINVALUE
    NO MAXVALUE
    CACHE 1;


ALTER TABLE public.compras_id_seq OWNER TO postgres;

--
-- Name: compras_id_seq; Type: SEQUENCE OWNED BY; Schema: public; Owner: postgres
--

ALTER SEQUENCE public.compras_id_seq OWNED BY public.compras.id;


--
-- Name: facturas; Type: TABLE; Schema: public; Owner: postgres
--

CREATE TABLE public.facturas (
    id bigint NOT NULL,
    create_at date,
    descripcion character varying(255),
    nro_factura character varying(255),
    observacion character varying(255),
    total_factura numeric(38,2),
    cliente_id bigint
);


ALTER TABLE public.facturas OWNER TO postgres;

--
-- Name: facturas_detalles; Type: TABLE; Schema: public; Owner: postgres
--

CREATE TABLE public.facturas_detalles (
    id bigint NOT NULL,
    cantidad integer,
    total_linea numeric(38,2),
    producto_id bigint,
    factura_id bigint,
    descuento numeric(38,2)
);


ALTER TABLE public.facturas_detalles OWNER TO postgres;

--
-- Name: facturas_detalles_id_seq; Type: SEQUENCE; Schema: public; Owner: postgres
--

CREATE SEQUENCE public.facturas_detalles_id_seq
    START WITH 1
    INCREMENT BY 1
    NO MINVALUE
    NO MAXVALUE
    CACHE 1;


ALTER TABLE public.facturas_detalles_id_seq OWNER TO postgres;

--
-- Name: facturas_detalles_id_seq; Type: SEQUENCE OWNED BY; Schema: public; Owner: postgres
--

ALTER SEQUENCE public.facturas_detalles_id_seq OWNED BY public.facturas_detalles.id;


--
-- Name: facturas_id_seq; Type: SEQUENCE; Schema: public; Owner: postgres
--

CREATE SEQUENCE public.facturas_id_seq
    START WITH 1
    INCREMENT BY 1
    NO MINVALUE
    NO MAXVALUE
    CACHE 1;


ALTER TABLE public.facturas_id_seq OWNER TO postgres;

--
-- Name: facturas_id_seq; Type: SEQUENCE OWNED BY; Schema: public; Owner: postgres
--

ALTER SEQUENCE public.facturas_id_seq OWNED BY public.facturas.id;


--
-- Name: productos; Type: TABLE; Schema: public; Owner: postgres
--

CREATE TABLE public.productos (
    id bigint NOT NULL,
    codigo_barra character varying(255),
    create_at date,
    descripcion character varying(255),
    existencia integer,
    precio double precision,
    precio_costo double precision
);


ALTER TABLE public.productos OWNER TO postgres;

--
-- Name: productos_id_seq; Type: SEQUENCE; Schema: public; Owner: postgres
--

CREATE SEQUENCE public.productos_id_seq
    START WITH 1
    INCREMENT BY 1
    NO MINVALUE
    NO MAXVALUE
    CACHE 1;


ALTER TABLE public.productos_id_seq OWNER TO postgres;

--
-- Name: productos_id_seq; Type: SEQUENCE OWNED BY; Schema: public; Owner: postgres
--

ALTER SEQUENCE public.productos_id_seq OWNED BY public.productos.id;


--
-- Name: proveedor; Type: TABLE; Schema: public; Owner: postgres
--

CREATE TABLE public.proveedor (
    id bigint NOT NULL,
    create_at date,
    documento character varying(255),
    nombre_completo character varying(255),
    telefono character varying(255)
);


ALTER TABLE public.proveedor OWNER TO postgres;

--
-- Name: proveedor_id_seq; Type: SEQUENCE; Schema: public; Owner: postgres
--

CREATE SEQUENCE public.proveedor_id_seq
    START WITH 1
    INCREMENT BY 1
    NO MINVALUE
    NO MAXVALUE
    CACHE 1;


ALTER TABLE public.proveedor_id_seq OWNER TO postgres;

--
-- Name: proveedor_id_seq; Type: SEQUENCE OWNED BY; Schema: public; Owner: postgres
--

ALTER SEQUENCE public.proveedor_id_seq OWNED BY public.proveedor.id;


--
-- Name: ajuste_stock id; Type: DEFAULT; Schema: public; Owner: postgres
--

ALTER TABLE ONLY public.ajuste_stock ALTER COLUMN id SET DEFAULT nextval('public.ajuste_stock_id_seq'::regclass);


--
-- Name: ajuste_stock_detalle id; Type: DEFAULT; Schema: public; Owner: postgres
--

ALTER TABLE ONLY public.ajuste_stock_detalle ALTER COLUMN id SET DEFAULT nextval('public.ajuste_stock_detalle_id_seq'::regclass);


--
-- Name: clientes id; Type: DEFAULT; Schema: public; Owner: postgres
--

ALTER TABLE ONLY public.clientes ALTER COLUMN id SET DEFAULT nextval('public.clientes_id_seq'::regclass);


--
-- Name: compras id; Type: DEFAULT; Schema: public; Owner: postgres
--

ALTER TABLE ONLY public.compras ALTER COLUMN id SET DEFAULT nextval('public.compras_id_seq'::regclass);


--
-- Name: compras_detalles id; Type: DEFAULT; Schema: public; Owner: postgres
--

ALTER TABLE ONLY public.compras_detalles ALTER COLUMN id SET DEFAULT nextval('public.compras_detalles_id_seq'::regclass);


--
-- Name: facturas id; Type: DEFAULT; Schema: public; Owner: postgres
--

ALTER TABLE ONLY public.facturas ALTER COLUMN id SET DEFAULT nextval('public.facturas_id_seq'::regclass);


--
-- Name: facturas_detalles id; Type: DEFAULT; Schema: public; Owner: postgres
--

ALTER TABLE ONLY public.facturas_detalles ALTER COLUMN id SET DEFAULT nextval('public.facturas_detalles_id_seq'::regclass);


--
-- Name: productos id; Type: DEFAULT; Schema: public; Owner: postgres
--

ALTER TABLE ONLY public.productos ALTER COLUMN id SET DEFAULT nextval('public.productos_id_seq'::regclass);


--
-- Name: proveedor id; Type: DEFAULT; Schema: public; Owner: postgres
--

ALTER TABLE ONLY public.proveedor ALTER COLUMN id SET DEFAULT nextval('public.proveedor_id_seq'::regclass);


--
-- Data for Name: ajuste_stock; Type: TABLE DATA; Schema: public; Owner: postgres
--

COPY public.ajuste_stock (id, create_at, observacion, total_costo, proveedor_id) FROM stdin;
\.


--
-- Data for Name: ajuste_stock_detalle; Type: TABLE DATA; Schema: public; Owner: postgres
--

COPY public.ajuste_stock_detalle (id, cantidad, total_linea, producto_id, ajuste_stock_id) FROM stdin;
\.


--
-- Data for Name: clientes; Type: TABLE DATA; Schema: public; Owner: postgres
--

COPY public.clientes (id, chapa, create_at, documento, nombre_completo, telefono) FROM stdin;
3	123	2023-04-28	123	VENTA 	123
5	BNL105	2023-05-01	123	HYUNDAI TUCSON	123
7	BLG612	2023-05-09	123	ISUZU DMAX	123
8	AAHR662	2023-05-09		KIA SPORTAGE	
9	BBC167	2023-05-09		TOYOTA HILUX	
10		2023-05-09		CORREAS CONTINENTAL	
11	AABB435	2023-05-10		TOYOTA AURIS	
12	SIN CHAPA	2023-05-10		TOYOTA PRADO	
13	CHO342	2023-05-13		TOYOTA IST	
14		2023-05-13		TOYOTA COROLLA	
15	BXP874	2023-05-13		TOYOTA IST	
16	BSC742	2023-05-13		MISHUBISHI TRITON	
17	BHU136	2023-05-13	12313	NISSAN SUNY	123
18		2023-05-15		TOYOTA VITZ	
19		2023-05-15		TOYOTA ALLION	
20	AAY826	2023-05-18		TOYOTA RUNNER	
21	HDY714	2023-05-18		TOYOTA IST	
22	BDP197	2023-05-18		DAIHAPSU	
23	BOU179	2023-05-19		TOYOTA PREMIO	
24	BPO357	2023-05-20	123	TOYOTA FUN CARGO	123
25	BSH038	2023-05-20		TOYOTA HILUX	
\.


--
-- Data for Name: compras; Type: TABLE DATA; Schema: public; Owner: postgres
--

COPY public.compras (id, create_at, descripcion, nro_factura, observacion, total_compra, proveedor_id) FROM stdin;
2	2023-05-06				2662485.00	1
3	2023-05-10	VISTONY REFRIGERANTES	001-004-0009829	VISTONY REFRIGERANTES	480000.00	3
4	2023-05-10	MOBIL 10W40 GALONES	001-001-0007081		640000.00	2
5	2023-05-10	COMPRAS DE ACEITE	002-005-0054139	COMPRAS DE ACEITE	2662485.00	1
6	2023-05-10	COMPRAS DE ACEITE	002-004-0056929		621104.00	1
7	2023-05-10	COMPRAS DE ACEITE			1110000.00	1
8	2023-05-18	COMPRAS DE ACEITE			1697132.00	1
9	2023-05-18	COMPRAS DE ACEITE			640000.00	2
\.


--
-- Data for Name: compras_detalles; Type: TABLE DATA; Schema: public; Owner: postgres
--

COPY public.compras_detalles (id, cantidad, total_linea, producto_id, compra_id) FROM stdin;
2	3	519849.00	124	2
3	6	1018404.00	140	2
4	12	551232.00	6	2
5	6	573000.00	25	2
6	12	168000.00	30	3
7	24	312000.00	29	3
8	4	640000.00	13	4
9	3	519849.00	124	5
10	6	1018404.00	140	5
11	12	551232.00	6	5
12	6	573000.00	25	5
13	1	621104.00	132	6
14	5	140000.00	43	7
15	3	300000.00	23	7
16	12	300000.00	24	7
17	20	370000.00	33	7
18	3	429900.00	2	8
19	12	551232.00	127	8
20	10	116000.00	45	8
21	3	300000.00	23	8
22	12	300000.00	24	8
23	4	640000.00	13	9
\.


--
-- Data for Name: facturas; Type: TABLE DATA; Schema: public; Owner: postgres
--

COPY public.facturas (id, create_at, descripcion, nro_factura, observacion, total_factura, cliente_id) FROM stdin;
4	2023-05-02	MATENIMIENTO MOTOR	00000021	MANTENIMIENTO     162.187-167.100	665000.00	5
9	2023-05-06				40000.00	3
10	2023-05-09	MANTENIMIENTO MOTOR		MATENIMIENTO MOTOR Y CAMBIO DE ROTULAS 92.000KM	372000.00	7
13	2023-05-09	MANTENIMIENTO MOTOR			413000.00	8
14	2023-05-09				113000.00	3
15	2023-05-09	MANTENIMIENTO MOTOR			566000.00	9
16	2023-05-09				90000.00	3
17	2023-05-09				80000.00	10
18	2023-05-10	MANTENIMIENTO MOTOR			260000.00	11
19	2023-05-10				286000.00	3
20	2023-05-10				235000.00	3
21	2023-05-10				45000.00	3
22	2023-05-10				35000.00	3
23	2023-05-10	MANTENIMIENTO MOTOR			414000.00	12
24	2023-05-10				55000.00	3
25	2023-05-13				450000.00	3
26	2023-05-13	MANTENIMIENTO MOTOR			328000.00	13
27	2023-05-13				655000.00	3
28	2023-05-13	MANTENIMIENTO MOTOR			190000.00	14
29	2023-05-13	MANTENIMIENTO MOTOR			340000.00	15
30	2023-05-13				333000.00	3
31	2023-05-13	MANTENIMIENTO MOTOR			90000.00	16
32	2023-05-13	MANTENIMIENTO MOTOR		MANTENIMIENTO 294.200 PROXIMO 300.200KM	285000.00	17
33	2023-05-13				62000.00	3
34	2023-05-13				45000.00	3
35	2023-05-15	MANTENIMIENTO MOTOR			190000.00	18
36	2023-05-15	MANTENIMIENTO MOTOR			190000.00	19
37	2023-05-15				22000.00	3
38	2023-05-15				67000.00	3
39	2023-05-16				25000.00	3
40	2023-05-16				20000.00	3
41	2023-05-16				30000.00	3
42	2023-05-18	MANTENIMIENTO MOTOR			535000.00	20
43	2023-05-18	MANTENIMIENTO MOTOR			320000.00	21
44	2023-05-18	MANTENIMIENTO MOTOR			195000.00	22
45	2023-05-18				427000.00	3
46	2023-05-18				22000.00	3
47	2023-05-18				22000.00	3
48	2023-05-19				121000.00	3
49	2023-05-19				20000.00	3
50	2023-05-19	MANTENIMIENTO MOTOR			195000.00	23
51	2023-05-20				30000.00	3
52	2023-05-20				246000.00	3
53	2023-05-20	MANTENIMIENTO MOTOR		360.000 KM MANTENIMIENTO  4.660.865-5 JORGE ALARCON	260000.00	24
54	2023-05-20	MANTENIMIENTO MOTOR			410000.00	25
55	2023-05-20				122000.00	3
56	2023-05-22				209000.00	3
57	2023-05-22				15000.00	3
58	2023-05-24				325000.00	3
\.


--
-- Data for Name: facturas_detalles; Type: TABLE DATA; Schema: public; Owner: postgres
--

COPY public.facturas_detalles (id, cantidad, total_linea, producto_id, factura_id, descuento) FROM stdin;
32	1	125000.00	23	13	\N
33	2	66000.00	24	13	\N
4	8	480000.00	6	4	\N
5	1	50000.00	113	4	\N
6	1	45000.00	115	4	\N
7	1	90000.00	114	4	\N
34	1	60000.00	150	13	\N
35	1	45000.00	151	13	\N
36	1	45000.00	115	13	\N
37	1	60000.00	107	13	\N
38	2	12000.00	100	13	\N
39	1	45000.00	28	14	\N
40	2	46000.00	33	14	\N
41	1	22000.00	32	14	\N
42	1	80000.00	154	15	\N
43	1	45000.00	152	15	\N
44	1	50000.00	153	15	\N
45	1	220000.00	126	15	\N
46	3	171000.00	127	15	\N
47	2	90000.00	26	16	\N
16	1	40000.00	108	9	\N
17	1	125000.00	23	10	\N
18	4	132000.00	24	10	\N
19	1	55000.00	149	10	\N
20	1	60000.00	147	10	\N
48	1	80000.00	155	17	\N
49	1	35000.00	145	18	\N
50	1	35000.00	146	18	\N
51	1	190000.00	2	18	\N
52	1	6000.00	100	19	\N
53	1	22000.00	32	19	\N
54	1	25000.00	42	19	\N
55	1	20000.00	45	19	\N
56	1	23000.00	33	19	\N
57	1	190000.00	63	19	\N
58	1	215000.00	13	20	\N
59	1	20000.00	29	20	\N
60	1	45000.00	28	21	\N
61	1	30000.00	109	22	\N
62	1	5000.00	95	22	\N
63	1	125000.00	23	23	\N
64	3	99000.00	24	23	\N
65	1	20000.00	45	23	\N
66	1	45000.00	156	23	\N
67	1	80000.00	157	23	\N
68	1	45000.00	158	23	\N
69	1	20000.00	45	24	\N
70	1	35000.00	49	24	\N
71	2	44000.00	32	25	0.00
72	2	130000.00	104	25	0.00
73	4	100000.00	135	25	0.00
74	2	76000.00	51	25	0.00
75	1	40000.00	108	25	0.00
76	2	60000.00	109	25	0.00
77	1	35000.00	143	26	0.00
78	1	35000.00	146	26	0.00
79	1	258000.00	4	26	27000.00
80	1	30000.00	159	27	0.00
81	5	115000.00	33	27	0.00
82	1	35000.00	43	27	0.00
83	1	6000.00	100	27	0.00
84	1	45000.00	26	27	0.00
85	2	424000.00	140	27	0.00
86	1	35000.00	142	28	0.00
87	1	35000.00	146	28	0.00
88	1	120000.00	35	28	0.00
89	1	35000.00	143	29	0.00
90	1	35000.00	146	29	0.00
91	1	270000.00	18	29	0.00
92	1	50000.00	8	30	0.00
93	1	33000.00	24	30	0.00
94	1	250000.00	80	30	0.00
95	1	45000.00	164	31	0.00
96	1	45000.00	165	31	0.00
97	1	35000.00	166	32	0.00
98	1	35000.00	167	32	0.00
99	1	215000.00	13	32	0.00
100	1	22000.00	32	33	0.00
101	1	40000.00	108	33	0.00
102	1	22000.00	32	34	0.00
103	1	23000.00	33	34	0.00
104	1	120000.00	35	35	0.00
105	1	35000.00	143	35	0.00
106	1	35000.00	146	35	0.00
107	1	120000.00	35	36	0.00
108	1	35000.00	142	36	0.00
109	1	35000.00	146	36	0.00
110	1	22000.00	32	37	0.00
111	2	44000.00	32	38	0.00
112	1	23000.00	33	38	0.00
113	1	25000.00	162	39	0.00
114	1	20000.00	29	40	0.00
115	1	30000.00	168	41	0.00
116	1	50000.00	169	42	0.00
117	1	50000.00	169	42	0.00
118	1	45000.00	171	42	0.00
119	1	45000.00	170	42	0.00
120	2	240000.00	25	42	0.00
121	3	105000.00	49	42	0.00
122	1	35000.00	143	43	0.00
123	1	35000.00	146	43	0.00
124	1	250000.00	122	43	0.00
125	1	40000.00	159	44	0.00
126	1	35000.00	146	44	0.00
127	1	120000.00	35	44	0.00
128	2	44000.00	32	45	0.00
129	1	25000.00	162	45	0.00
130	1	25000.00	135	45	0.00
131	1	23000.00	33	45	0.00
132	1	100000.00	133	45	20000.00
133	6	210000.00	34	45	0.00
134	1	22000.00	32	46	0.00
135	1	22000.00	32	47	0.00
136	4	88000.00	32	48	0.00
137	1	23000.00	33	48	0.00
138	2	10000.00	89	48	0.00
139	1	20000.00	45	49	0.00
140	1	160000.00	15	50	0.00
141	1	35000.00	146	50	0.00
142	1	20000.00	29	51	0.00
143	2	10000.00	89	51	0.00
144	2	46000.00	33	52	0.00
145	1	200000.00	58	52	20000.00
146	1	35000.00	146	53	0.00
147	1	35000.00	143	53	0.00
148	1	190000.00	2	53	0.00
149	1	45000.00	156	54	0.00
150	1	45000.00	158	54	0.00
151	1	80000.00	157	54	0.00
152	1	200000.00	175	54	0.00
153	2	40000.00	29	54	0.00
154	1	40000.00	50	55	0.00
155	1	22000.00	32	55	0.00
156	1	35000.00	43	55	0.00
157	1	25000.00	42	55	0.00
158	5	110000.00	32	56	0.00
159	1	20000.00	45	56	0.00
160	1	49000.00	129	56	0.00
161	1	30000.00	168	56	0.00
162	1	15000.00	257	57	0.00
163	1	30000.00	168	58	0.00
164	1	20000.00	45	58	0.00
165	6	240000.00	51	58	0.00
166	1	35000.00	34	58	0.00
\.


--
-- Data for Name: productos; Type: TABLE DATA; Schema: public; Owner: postgres
--

COPY public.productos (id, codigo_barra, create_at, descripcion, existencia, precio, precio_costo) FROM stdin;
70	KP1020	2023-04-27	KP1020	1	210000	90000
35	TG20W50G	2023-04-26	TG MOTORMAX 20W50G	0	120000	85000
3	CASTROL20W50L	2023-04-24	CASTROL20W50L	12	48000	37000
5	CASTROL10W40L	2023-04-23	CASTROL10W40L	16	68000	52507
10	CASTROL40L	2023-04-23	CASTROL40L	3	50000	40768
7	CASTROL25W60G	2023-04-24	CASTROL25W60G	2	190000	156000
14	MOBIL10W40L	2023-04-26	MOBIL10W40L	1	58000	47000
9	CASTROL40G	2023-04-24	CASTROL40G	4	180000	151015
38	SUPERSCVT	2023-04-26	SUPERS CVT	1	65000	45000
16	MOBIL20W50L	2023-04-27	MOBIL20W50L	1	43000	35000
17	MOBIL10W30L	2023-04-27	MOBIL10W30L	1	60000	45000
19	RAVENOL10W40L	2023-04-27	RAVENOL10W40L	7	70000	56000
20	RAVENOL15W40G	2023-04-27	RAVENOL15W40G	2	275000	219100
21	RAVENOL15W40L	2023-04-27	RAVENOL15W40L	6	62000	49000
27	LUBRAX20W50G	2023-04-27	LUBRAX20W50G	4	120000	95312
36	PHILLIPS10W30L	2023-04-27	PHILLIPS 10W30 LITRO	0	40000	26000
40	PHILLIPS15W40G	2023-04-27	PHILLIPS 15W40 G	1	163000	130000
44	SHELL20W50MOTO	2023-04-27	SHELL MOTO 20W50 4T	5	40000	30100
46	FLUIDOVARGAS	2023-04-27	FLUIDO DE FRENO VARGAS	3	30000	22500
47	AGUADESTILADA	2023-04-27	AGUA DESTILADA	14	4000	1800
48	FAVORIT 80W90	2023-04-27	FAVORIT 80W90	0	35000	25000
4	CASTROL10W40G	2023-04-22	CASTROL10W40G	6	258000	200332
52	JP1031	2023-04-27	JP1031	2	280000	145000
53	JP2033	2023-04-27	JP2033	2	200000	95000
54	JP2042	2023-04-27	JP2042	5	220000	110000
55	JP6003	2023-04-27	JP6003	1	200000	100000
56	JP6040	2023-04-27	JP6040	1	250000	125000
57	JP6046	2023-04-27	JP6046	1	220000	115000
59	J6060	2023-04-27	JP6060	3	260000	140000
60	JP7016	2023-04-27	JP7016	2	260000	145000
61	JP7020	2023-04-27	JP7020	1	270000	140000
62	JP7084	2023-04-27	JP7084	1	200000	105000
64	JP7154	2023-04-27	JP7154	1	250000	125000
65	JP7253	2023-04-27	JP7253	1	250000	130000
66	KP6016	2023-04-27	KP6016	1	250000	130000
67	KP6054	2023-04-27	KP6054	2	220000	120000
68	KP6053	2023-04-27	KP6053	1	200000	100000
71	KP1021	2023-04-27	KP1021	2	250000	115000
72	KP1038	2023-04-27	KP1038	2	250000	120000
73	KP1041	2023-04-27	KP1041	2	260000	120000
74	KP2034	2023-04-27	KP2034	1	210000	90000
75	KP2043	2023-04-27	KP2043	2	250000	130000
76	KP5004	2023-04-27	KP5004	2	200000	100000
77	KP6006	2023-04-27	KP6006	9	200000	110000
78	KP6056	2023-04-27	KP6056	2	200000	90000
79	KP7017	2023-04-27	KP7017	0	200000	95000
81	INWAYD1250	2023-04-27	INWAY PASTILLAS D1250	2	140000	32400
82	INWAYD2026	2023-04-27	INWAY PASTILLAS D2026	1	140000	37800
83	FORZAD2174	2023-04-27	PASTILLAS FORZA D2174 	2	110000	32300
84	INWAYD2082	2023-04-27	PASTILLAS INWAY D2082	2	140000	37800
85	FORZAD2228	2023-04-27	PASTILLAS FORZA D2228	2	140000	37800
86	INWAYD2228	2023-04-27	PASTILLAS INWAY D2228	2	140000	37800
87	FORZAD8242	2023-04-27	PASTILLAS FORZA D8342	2	140000	43800
90	4018354000689	2023-04-28	FOCO FLOSSER 12V H3	7	25000	16000
91	4028964016550	2023-04-28	FOCO TRIFA 12V H1	8	25000	11000
92	4028964003048	2023-04-28	FOCO TRIFA 12V R5W	12	5000	1700
93	4013790942050	2023-04-28	FOCO NARVA WY5W AMBER STANDARD 12V 5W	5	10000	5600
94	4013790103055	2023-04-28	FOCO NARVA W16W STANDARD 12V 16W	11	15000	7000
69	KS7053	2023-04-26	KS7053	0	300000	150000
6	CASTROL15W40L	2023-04-21	CASTROL15W40L	12	57000	45936
58	JP6052	2023-04-27	JP6052	2	220000	120000
30	VISTONY ROJO	2023-04-26	VISTONY ROJO	11	25000	14000
15	MOBIL20W50G	2023-04-26	MOBIL20W50G	2	160000	125000
18	RAVENOL10W40G	2023-04-27	RAVENOL10W40G	1	270000	217000
49	LOTUS80W90	2023-04-25	LOTUS 80W90	3	35000	\N
32	LOTUS 40	2023-04-26	LOTUS 40	106	22000	15000
31	COASTAL MV	2023-04-26	COASTAL MV	18	65000	43575
37	PHILLIPS CVT	2023-04-26	PHILLIPS CVT	7	78000	56600
50	MOTORMAX10	2023-04-27	MOTORMAX 140	8	40000	21500
28	LUBRAX20W50L	2023-04-26	LUBRAX20W50L	6	45000	35000
8	CASTROL25W60L	2023-04-24	CASTROL25W60L	11	50000	42000
23	SUPERS15W40G	2023-04-26	SUPERS15W40G	6	125000	100000
80	KP7019	2023-04-27	KP7019	1	250000	125000
24	SUPERS15W40L	2023-04-26	SUPERS15W40L	21	33000	25000
22	RAVENOL20W50G	2023-04-26	RAVENOL20W50G	4	200000	157500
26	LUBRAX15W40L	2023-04-26	LUBRAX15W40L	5	45000	33696
13	MOBIL10W40G	2023-04-26	MOBIL10W40G	6	215000	160000
41	PHILLIPS15W40L	2023-04-26	PHILLIPS 15W40L	2	48000	40000
39	PHILLIPS20W50G	2023-04-26	PHILLIPS 20W50G	1	138000	111000
51	MOTORMAX90	2023-04-27	MOTORMAX 90	2	38000	20500
88	4018354004359	2023-04-27	FOCO FLOSSER 12V 21/5	9	25000	14000
34	INCOL	2023-04-26	INCOL DEXRON III	3	35000	20000
89	4018354000863	2023-04-27	FOCO PIOJITO 12V 5W	11	5000	1600
29	VISTONY VERDE	2023-04-26	VISTONY VERDE	30	20000	13000
43	LUBRAX20W504T	2023-04-26	LUBRAX 20W50 4T MOTO	5	35000	28000
42	MOTORMAX20W504T	2023-04-26	MOTORMAX 20W50 4T MOTO	3	25000	18000
96	4028964803839	2023-04-28	FOCO TRIFA 21W AMBER 12V BA15S	7	8000	5400
98	4013790258052	2023-04-28	FOCO NARVA P21W STANDARD 24V 21W	12	6000	3300
115	28113-2S000	2023-05-02	AIRE 28113-2S000	3	45000	26000
101	4028964033823	2023-04-28	FOCO TRIFA P21/5W 24V BAY15D	8	6000	2500
102	4028964803815	2023-04-28	FOCO TRIFA PY21W AMBER 12V VW	7	10000	4000
105	4028964016215	2023-04-28	FOCO TRIFA 9006 12V	9	40000	25500
106	4028964716610	2023-04-28	FOCO TRIFA H4 12V 60/55W	10	55000	37000
110	4018354001068	2023-04-28	FOCO FLOSSER H4 NISSAN 12V           	4	40000	21900
111	4028964016628	2023-04-28	FOCO TRIFA H4 24V 75/70W	5	45000	25400
112	4013790320087	2023-04-28	FOCO NARVA 24V 75/70W	10	40000	23000
97	4018354007114	2023-04-27	FOCO FLOSSER 12V 21W T20 WX3X16D AMBER	8	25000	17300
116	SHELL5W30G	2023-05-03	SHELL5W30G	3	390000	300300
107	4028964020113	2023-04-28	FOCO TRIFA H11 12V 55W	6	60000	46800
144	17801-23030	2023-05-06	FILTRO AIRE 23030	100	35000	13775
113	26320-2F000	2023-05-02	ACEITE 26320-2F000	3	50000	28000
117	SHELL5W30L	2023-05-04	SHELL5W30L	7	100000	75556
119	SHELL5W40L	2023-05-04	SHELL5W40L	6	90000	71707
120	SHELL10W30G	2023-05-03	SHELL10W30G	4	302000	189833
123	SHELL10W40L	2023-05-04	SHELL10W40L	4	67000	48675
125	SHELL20W50L	2023-05-04	SHELL20W50L	10	57000	43808
128	SHELL40G	2023-05-04	SHELL40G	3	192000	153813
130	SHELLDIESEL10W40G	2023-05-04	SHELLDIESEL10W40G	5	250000	190806
134	DENSOQ16	2023-05-04	BUJIAS DENSO Q16	8	120000	66200
136	NGKNISSAN	2023-05-04	BUJIA NGK NISSAN	10	25000	17300
137	NGKHYUNDAI	2023-05-04	BUJIA NGK HYUNDAI KIA 	11	35000	26000
138	DENSOIRIDIUM	2023-05-04	BUJIA DENSO IRIDIUM	3	400000	300000
139	NGKVOXY	2023-05-04	BUJIA NGK VOXY	5	35000	22000
114	31922-2E900	2023-05-02	COMBUS 31922-2E900	8	90000	40000
145	17801-21050	2023-05-06	FILTRO AIRE 21050	99	35000	15675
154	17801-0C010	2023-05-09	AIRE 17801-0C010	0	80000	55000
152	90915-20003	2023-05-09	ACEITE 90915-20003	2	45000	13000
153	23303-0L010	2023-05-08	COMBUS 23303-0L010	3	50000	26000
160	4028964003819	2023-05-13	FOCO TRIFA 12V 21W BA15S	20	5000	1500
156	90915-30002	2023-05-10	ACEITE 90915-30002	9	45000	32000
159	17801-11090	2023-05-12	AIRE17801-11090	0	40000	20000
99	49-2190x10	2023-04-27	FOCO FLOSSER 12V 21W T20 W3X16D	12	20000	11200
131	SHELLDIESEL10W40L	2023-05-02	SHELLDIESEL10W40L	4	64000	51216
162	4028964016611	2023-05-13	FOCO TRIFA H4 12V 60/55W	18	25000	12708
148	7798001690582	2023-05-09	AIRE WEGA JFA-0H12	3	45000	33000
149	8-97941655-1	2023-05-09	AIRE 8-97941655-1 D-MAX	1	55000	35000
147	7798159121129	2023-05-09	ACEITE WEGA JFO-912	1	60000	40000
126	SHELLDIESEL15W40G	2023-05-04	SHELLDIESEL15W40G	3	220000	169734
118	SHELL5W40G	2023-05-03	SHELL5W40G	2	346000	282977
164	MD069782	2023-05-13	ACEITE MD069782	0	45000	32000
150	31922-2E900	2023-05-08	COMBUS 31922-2E900	7	60000	40000
151	26310-27000	2023-05-09	ACEITE 26310-27000	5	45000	28000
155	6PK1350	2023-05-08	CORREA 6PK1350	1	80000	55000
63	JP7098	2023-04-27	JP7098	1	190000	85000
124	SHELL20W50G	2023-05-03	SHELL20W50G	5	224000	173283
161	4028964016239	2023-05-13	FOCO TRIFA 9005 12V 70W	6	50000	29372
2	CASTROL20W50G	2023-04-19	CASTROL20W50G	7	190000	145000
168	90915-30001	2023-05-15	ACEITE 90915-30001	3	30000	22000
33	FAVORIT	2023-04-26	FAVORIT TYPE A	22	23000	18500
129	SHELL40L	2023-05-04	SHELL40L	14	49000	39072
122	SHELL10W40G	2023-05-02	SHELL10W40G	3	250000	189833
103	4028964016765	2023-04-27	FOCO TRIFA 24V H4 100/90W 	9	65000	38100
127	SHELLDIESEL15W40L	2023-05-02	SHELLDIESEL15W40L	14	57000	45936
158	23303-64010	2023-05-10	COMBUSTIBLE 23303-64010	7	45000	27000
109	4018354000696	2023-04-28	FOCO FLOSSER H4 12V 60/55W	3	30000	12708
165	MB220900	2023-05-13	COMBUS MB220900	4	45000	22000
100	09-03381X10	2023-04-27	FOCO TRIFA P21-5W 12V BAY15D	12	6000	2500
132	SHELL40BALDE	2023-05-03	SHELL40BALDE	1	740000	621104
95	4018354000726	2023-04-27	FOCO FLOSSER P21W 12V 21W BA15S	5	5000	3000
163	4018354002966	2023-05-13	FOCO H7 12V 55W	20	40000	21500
142	17801-22020	2023-05-06	FILTRO AIRE 22020	148	35000	12825
135	NGKTOYOTA	2023-05-04	BUJIA NGK TOYOTA 	11	25000	12500
166	16546-V0100	2023-05-13	AIRE 16546-V0100	4	35000	25000
167	JEYO14-302	2023-05-13	ACEITE JEYO 14-302	4	35000	15000
108	4028964016079	2023-04-28	FOCO TRIFA H7 12V 55W	3	40000	20500
45	FLUIDOFRENO	2023-04-26	FLUIDO DE FRENO DP5	12	20000	11600
104	4028964016703	2023-04-27	FOCO H4 12V 100/90W	16	40000	21900
140	CASTROL15W40G	2023-05-03	CASTROL15W40G	4	212000	169734
133	DENSOQ20	2023-05-04	BUJIAS DENSO Q20	1	120000	66200
121	SHELL10W30L	2023-05-03	SHELL10W30L	6	77000	48675
146	90915-10001	2023-05-06	FILTRO ACEITE 90915-10001	190	35000	8450
143	17801-21030	2023-05-06	FILTRO DE AIRE 21030	145	35000	13110
157	17801-67060	2023-05-10	AIRE 17801-67060	6	80000	60000
169	MD620563	2023-05-17	AIRE MD620563	0	50000	35000
171	16405-02N10	2023-05-18	COMBUSTIBLE 16405-02N10	5	45000	19000
170	15600-41010	2023-05-18	ACEITE 15600-41010	4	45000	22000
172	CASTROL25W60BALDE	2023-05-18	CASTROL25W60BALDE	1	730000	630000
173	RAVENOL20W50L	2023-05-18	RAVENOL20W50L	8	60000	49000
25	LUBRAX15W40G	2023-04-26	LUBRAX15W40G	7	120000	95500
174	35330-60030	2023-05-20	CAJA 35330-60030	2	200000	65000
175	35330-60020	2023-05-20	CAJA 35330-60020	0	200000	45000
178	CA5838	2023-05-22	AIRE NITOYO CA5838 	1	25000	13000
179	CA5325	2023-05-22	AIRE NITOYO CA5325	1	25000	13000
180	5055148212049	2023-05-22	AIRE MILLARD MK9015	1	45000	24500
181	7798001695402	2023-05-22	AIRE WEGA FAP7007	1	50000	30000
182	798159129460	2023-05-22	AIRE WEGA FAP3286	2	70000	50000
183	7891455301711	2023-05-22	AIRE FRAM PA4419	1	35000	16000
184	7798001690100	2023-05-22	AIRE WEGA FAP4803	1	45000	23000
185	CA5496	2023-05-22	AIRE WEGA FAP2827	2	40000	22000
186	7891455322549	2023-05-22	AIRE FRAM CA5627	2	35000	17000
187	5055148212971	2023-05-22	AIRE MILLARD MK19459	3	40000	20500
188	P4102	2023-05-22	COMBUS P4102	4	45000	24000
190	C11861	2023-05-22	COMBUS NITOYO C11861 ZP	2	25000	11000
189	P4587	2023-05-21	COMBUS NITOYO P4587	2	25000	11000
191	7798001694061	2023-05-22	COMBUS WEGA FCI1880	1	25000	16000
192	7891342003018	2023-05-22	COMBUS TECFIL A68	1	20000	6000
193	7798151943828	2023-05-22	COMBUS WEGA FCI1660	3	35000	20000
194	G12	2023-05-22	COMBUS G12	1	15000	8000
195	C11861	2023-05-22	COMBUS NITOYO C11861 PL	0	15000	9000
196	7798001698267	2023-05-22	COMBUS WEGA FCD 720	2	30000	19000
197	P4183	2023-05-22	COMBUS NITOYO P4183	2	25000	11000
198	779851943804	2023-05-22	COMBUS WEGA FCI 1640	2	30000	18000
199	798001699455	2023-05-21	ACEITE WEGA WO370	3	35000	20000
200	7798001695754	2023-05-22	ACEITE WEGA WO541	2	45000	21000
204	7798001692968	2023-05-22	ACEITE WEGA WO340	4	40000	20000
205	7798001699264	2023-05-22	ACEITE WEGA WO170	1	40000	20000
206	7798001699257	2023-05-22	ACEITE WEGA WO160	1	25000	13000
207	7798159121686	2023-05-22	ACEITE WEGA WO152	1	35000	15000
208	7798001699240	2023-05-22	ACEITE WEGA WO150	1	25000	13000
209	7798001699226	2023-05-22	ACEITE WEGA WO130	4	35000	18000
210	7798001694436	2023-05-22	ACEITE WEGA WO341	1	40000	15000
211	7798001699530	2023-05-22	ACEITE WEGA WO450	1	35000	16000
212	5055148200114	2023-05-22	ACEITE MILLARD ML3387	1	30000	15000
213	PH2842	2023-05-22	ACEITE FRAM PH2859	2	55000	33000
214	PH2842	2023-05-22	ACEITE NITOYO PH2842	3	35000	14000
215	CH5261	2023-05-22	ACEITE NITOYO CH5261	2	25000	10000
216	5055148200237	2023-05-22	ACEITE MILARD ML4558	4	35000	15000
217	PH4558	2023-05-22	ACEITE NITOYO PH4558	3	20000	9000
218	7798001699561	2023-05-22	ACEITE WEGA WO480	2	45000	28000
219	PH2801B	2023-05-22	ACEITE PH2801B	1	30000	17000
220	7891455160509	2023-05-22	ACEITE FRAM PH2863	1	30000	16000
221	7798001699332	2023-05-22	ACEITE WEGA WO240	1	35000	14000
222	7891455160073	2023-05-22	ACEITE FRAM PH9A	2	35000	16000
223	7891342000628	2023-05-22	ACEITE TECFIL PSL321	2	45000	23000
224	PH3508	2023-05-22	ACEITE NITOYO PH3508	1	15000	9000
225	G7649	2023-05-22	ACEITE NITOYO G7649	1	15000	9000
226	5294511103137	2023-05-22	ACEITE CARTUCHO MD357	1	30000	17000
227	5055148214036	2023-05-22	AIRE MILLARD MK5876	3	75000	36000
228	7798151942241	2023-05-22	AIRE WEGA FAP-9000	4	95000	46000
229	5055148212711	2023-05-22	AIRE MILLARD MK32355	1	80000	45000
230	7798001695785	2023-05-22	AIRE WEGA WR-365	1	70000	34000
231	7798151947888	2023-05-22	AIRE WEGA WR-204	1	90000	46000
232	7798001692586	2023-05-22	AIRE WEGA FAP-9119	2	85000	44352
233	7798001696737	2023-05-22	AIRE WEGA FAP-6003/1	2	75000	38000
234	5055148211530	2023-05-22	AIRE MILLARD MK-5948	5	85000	42000
235	4011558207007	2023-05-22	AIRE MANN C38 145	1	115000	76600
236	5055148212773	2023-05-22	AIRE MILLARD MK-52123	3	110000	53500
237	7798159121884         	2023-05-22	AIRE WEGA FAP-9121	1	60000	35000
238	7798159128562         	2023-05-22	AIRE WEGA FAP-9291	2	90000	46000
239	7798001692395         	2023-05-22	AIRE WEGA FAP-2832	1	35000	18000
240	5055148211622         	2023-05-22	AIRE MILLARD MK-5784                                        	4	40000	20000
241	JFA-0327              	2023-05-22	AIRE WEGA JFA-0327                                          	2	50000	21075
242	0313AC2261N	2023-05-22	AIRE NITOYO 0313AC2261N	1	80000	40000
243	7798001697857	2023-05-22	AIRE WEGA JFA-F20	2	50000	29000
244	7798001695686         	2023-05-22	AIRE WEGA FAP-6012/2                                        	2	55000	28000
245	23190-21001           	2023-05-22	AIRE NITOYO 23190-21001                                     	1	40000	21000
246	JFA-S03               	2023-05-22	AIRE WEGA JFA-S03                                           	1	80000	54978
247	7798001690698         	2023-05-22	AIRE WEGA JFA-S01                                                                              	4	60000	32201
248	23190-08400           	2023-05-22	AIRE SAMURAI 23190-08400                                    	1	45000	24399
249	7798159121945         	2023-05-22	AIRE WEGA FAP-9054                                          	2	35000	18000
250	7798001690094         	2023-05-22	AIRE WEGA FAP-4047                                          	2	40000	19000
251	7798001690155         	2023-05-22	AIRE WEGA FAP-5301                                          	2	30000	15000
252	7798001690865         	2023-05-22	AIRE WEGA FAP-9014                                          	2	55000	26500
253	7798001690872         	2023-05-22	AIRE WEGA FAP-9015                                          	1	60000	30500
254	7798001690025         	2023-05-22	AIRE WEGA FAP-3215                                          	2	35000	15500
255	7798186474212         	2023-05-22	AIRE WEGA FAP-5309                                          	2	75000	36500
256	5055148212223         	2023-05-22	AIRE MILLARD MK-9628                                        	2	100000	49000
257	23401-1060	2023-05-22	COMBUSTIBLE 23401-1060	4	15000	10000
258	7798151943439         	2023-05-23	AIRE WEGA  WAP-383                                           	2	110000	55000
259	7798159129767         	2023-05-23	AIRE WEGA  JFA-0J05                                          	1	150000	78000
260	7798159120689         	2023-05-23	AIRE WEGA  WR-200/7                                          	2	100000	50500
261	7798159127619         	2023-05-23	AIRE WEGA  WR-295                                            	2	80000	52000
262	7798001692852         	2023-05-23	AIRE WEGA  WR-198                                            	2	95000	46000
263	7798001690414         	2023-05-23	AIRE WEGA  WR-200                                            	2	55000	27500
264	7798151943453         	2023-05-23	 AIRE WEGA WR-200/2                                          	2	65000	32000
265	7798186473505         	2023-05-23	AIRE WEGA  WR-801                                            	1	80000	39000
266	7792726472478         	2023-05-23	AIRE WEGA WR-110                                            	2	95000	46000
267	7798001690216         	2023-05-22	AIRE  WEGA WR-282                                            	2	50000	25500
268	7798001694276         	2023-05-23	AIRE WEGA  WR-263                                            	1	65000	31500
269	7798151947673         	2023-05-23	AIRE WEGA  JFA-0431                                          	1	75000	36500
270	7798001690223         	2023-05-23	AIRE WEGA  WR-308                                            	2	45000	20500
271	5055148212582         	2023-05-23	AIRE MILLARD  MK-72373                                       	3	80000	59500
272	5055148211172         	2023-05-23	AIRE MILLARD  MK-5107                                        	1	45000	25690
273	7798159129484         	2023-05-23	AIRE WEGA  FAP-9296                                          	2	60000	30000
274	7798159127848         	2023-05-23	 AIRE WEGA WR-191                                  	1	110000	75000
275	7798151949127         	2023-05-23	AIRE WEGA  FAP-4834                                          	2	45000	22500
276	7798001692890         	2023-05-23	AIRE WEGA  WR-500                                            	1	40000	19000
277	7798186474519         	2023-05-23	AIRE WEGA  JFA-0998                                          	1	65000	33500
278	7798001690148         	2023-05-23	AIRE WEGA  FAP-4831                                          	1	35000	18000
279	7798151942173         	2023-05-23	AIRE WEGA  FAP-4870                                          	2	65000	32000
281	7798186474199         	2023-05-23	AIRE WEGA  FAP-5310                                          	2	75000	35500
282	7798186471693         	2023-05-23	AIRE WEGA  JFP-4877                                          	2	50000	23500
283	7798001695679         	2023-05-23	AIRE WEGA  FAP-6012                                          	2	80000	39000
284	7798001699998         	2023-05-23	AIRE WEGA  FAP-4872                                          	1	55000	27500
285	7798001698915         	2023-05-23	AIRE WEGA  FAP-4045                                          	2	55000	27500
286	7798001696003         	2023-05-23	AIRE WEGA  JFA-602                                           	2	45000	22000
287	7798159127206         	2023-05-23	AIRE WEGA  FAP-3279                                          	2	75000	36000
288	7798151941701         	2023-05-23	AIRE WEGA  FAP-2812                                          	2	40000	20500
289	7798151942159         	2023-05-23	AIRE WEGA  FAP-4858                                          	1	75000	38000
290	7798159121532         	2023-05-23	AIRE WEGA  FAP-3261                                          	2	80000	39500
291	7798159127329         	2023-05-23	AIRE WEGA  FAP-3260                                          	2	70000	35500
292	7798001695556         	2023-05-23	AIRE WEGA  JFA-0W09                                          	2	85000	41500
293	7798001695501         	2023-05-23	AIRE WEGA  JFA-0W08                                          	4	85000	43500
294	7798159123086         	2023-05-23	AIRE WEGA   FAP-6008/1                                       	2	60000	30500
295	7798001692708         	2023-05-23	AIRE WEGA  FAP-9273                                          	1	45000	21500
296	7798001692777         	2023-05-23	AIRE WEGA  FAP-4055                                          	1	70000	40000
297	7798186476087          	2023-05-23	AIRE WEGA  FAP-4873/1                                        	2	55000	25500
298	7798001692753         	2023-05-23	AIRE WEGA  FAP-3278                                          	2	40000	19500
299	7798001697239         	2023-05-23	AIRE WEGA  FAP-4867                                          	2	65000	45000
300	7798001693507         	2023-05-23	AIRE WEGA  FAP-4872/1                                        	1	45000	23000
301	7798001692715         	2023-05-23	 AIRE WEGA FAP-4060                                          	2	40000	19000
302	7798001693514         	2023-05-23	AIRE WEGA  FAP-6010                                          	2	60000	40000
303	7798151947970         	2023-05-23	AIRE WEGA  FAP-9027                                          	2	60000	29000
304	7798001697529         	2023-05-23	AIRE WEGA  FAP-6000                                          	2	70000	35000
305	7798001690087         	2023-05-23	AIRE WEGA  FAP-4037                                          	2	40000	19000
306	7798001695527	2023-05-23	AIRE WEGA  FAP-3271/2                                          	1	60000	35000
307	7798001698557         	2023-05-23	AIRE WEGA FAP-3271/3                                        	2	80000	38500
308	7798186470900         	2023-05-23	AIRE WEGA  FAP-3271/4                                        	2	85000	42000
309	7798001699790         	2023-05-23	AIRE  WEGA FAP-9469                                          	5	65000	32000
310	7798001697949         	2023-05-23	AIRE  WEGA FAP-4836                                          	2	65000	31000
311	7798001696942         	2023-05-23	AIRE  WEGA WR-245                                            	2	65000	31000
312	5055148212025         	2023-05-23	AIRE MILLARD  MK-5941                                        	3	80000	40000
313	5055148211363         	2023-05-23	AIRE MILLARD  MK-2222                                        	2	60000	29000
314	5055148211264         	2023-05-23	AIRE  MILLARD MK-5501                                        	2	35000	18000
315	5055148210328         	2023-05-23	AIRE MILLARD  MK-5109                                        	1	40000	21000
316	 28113-2W300	2023-05-23	AIRE NITOYO  28113-2W300                                     	2	40000	21000
317	28113-3X000	2023-05-23	 AIRE NIEVES 28113-3X000                                     	1	60000	35000
319	7798186476889         	2023-05-24	AIRE WEGA  JFA-0K28                                          	3	65000	32000
320	28113-4H000           	2023-05-24	AIRE SAMURAI  28113-4H000                                     	2	40000	24000
321	5055148213114         	2023-05-24	AIRE MILLARD  MK-25252                                       	2	50000	24000
322	28113-D3100           	2023-05-24	AIRE NITOYO  28113-D3100                                     	1	65000	32000
325	7798159129262         	2023-05-24	AIRE WEGA  JFA-0H29                                          	2	45000	22000
318	0K017-13-Z40	2023-05-22	AIRE NOMIS  0K017-13-Z40                                     	2	60000	45000
347	6956216262005         	2023-05-24	AIRE SENEICA  SAF-Q-5481 28113-3E000                         	1	40000	22500
348	846039068617          	2023-05-24	AIRE SURE  28113-3E000                                       	5	50000	25000
324	28113-2P100 	2023-05-23	AIRE NITOYO  28113-2P100                                     	1	40000	20000
323	28113-4D000	2023-05-22	 AIRE  SURE 28113-4D000	5	35000	18000
326	28113-2W100  	2023-05-23	 AIRE OST 28113-2W100                                     	4	35000	16000
328	7798159129156         	2023-05-24	AIRE WEGA  JFA-0K15                                          	1	60000	30000
329	28113-24570	2023-05-24	 AIRE NITOYO 28113-24570                                                          	1	25000	12000
330	28113-B4000	2023-05-24	AIRE NITOYO  28113-B4000                                     	2	75000	39000
331	28113-02510	2023-05-24	AIRE NITOYO  28113-02510                                     	5	30000	17100
332	7841230590038         	2023-05-24	 AIRE  FILTER FAR-1031S KIA CERATO                            	3	35000	25000
333	28113-1Y000	2023-05-24	AIRE SAMURAI  28113-1Y000/04000                                    	2	35000	22142
334	28113-1R100	2023-05-24	AIRE NITOYO  28113-1R100                                       	3	45000	32000
335	7798159127268	2023-05-24	AIRE WEGA JFA-0H27	2	45000	32000
338	28113-08000	2023-05-24	AIRE NITOYO  28113-08000                                     	2	50000	33000
336	28113-2B000	2023-05-23	 AIRE NITOYO 28113-2B000                                     	3	40000	20000
337	28113-22051	2023-05-23	 AIRE NITOYO 28113-22051                                     	1	30000	14345
339	28113-2S000  	2023-05-24	AIRE NIEVES 28113-2S000                           	1	45000	26600
349	7798186476780         	2023-05-24	AIRE WEGA  JFA-0K26                                          	1	80000	40500
350	K2A5-13-Z40           	2023-05-24	AIRE NOMIS   K2A5-13-Z40                           	2	50000	30000
351	846039047278          	2023-05-24	AIRE SURE  28113-07100                                       	3	45000	21500
340	28113-G6000	2023-05-22	AIRE NITOYO  28113-G6000                                     	2	70000	50000
341	5055148212308         	2023-05-24	AIRE MILLARD  MK-24086                                       	2	55000	28000
342	 28130-4A001  	2023-05-23	AIRE OST 28130-4A001                                     	2	60000	29000
343	28113-26000	2023-05-24	AIRE NITOYO  28113-26000                                     	2	30000	16443
344	7798001696584         	2023-05-24	AIRE WEGA  JFA-0H06                                          	2	60000	37000
346	5055148213183         	2023-05-24	AIRE MILLARD  MK-19489                                       	2	45000	23000
357	28113-2K000	2023-05-24	AIRE NITOYO  28113-2K000                                     	1	30000	14000
352	28113-2P300 	2023-05-23	 AIRE NITOYO 28113-2P300                                     	2	40000	35000
345	7798151943293         	2023-05-23	 AIRE WEGA JFA-0K10                                          	1	65000	33000
353	28113-4N000	2023-05-24	 AIRE NITOYO 28113-4N000                                     	3	35000	19000
354	7798001697352         	2023-05-24	AIRE WEGA  JFA-K21                                           	1	50000	25000
355	28113-2H000	2023-05-24	 AIRE SAMURAI 28113-2H000                                     	3	35000	18023
356	28113-0X000  	2023-05-24	AIRE HK  28113-0X000                                         	4	50000	30000
358	28113-A9200	2023-05-24	AIRE NIEVES 28113-A9200	1	60000	40000
359	28113-1G100 	2023-05-24	NITOYO AIRE 28113-1G100                                     	3	35000	17662
360	846039062141          	2023-05-24	AIRE SURE  28113-1G100                                       	5	45000	20500
361	28113-4F000           	2023-05-24	AIRE NITOYO  28113-4F000                                     	2	65000	45000
362	0K6B0-23-603	2023-05-24	AIRE NITOYO  0K6B0-23-603                                    	1	45000	28000
363	OK72C-23-603         	2023-05-24	AIRE NITOYO  OK72C-23-603                                             	4	40000	18121
364	7798151943194         	2023-05-24	AIRE WEGA  JFA-H01                                           	1	75000	36500
365	28130-5H001	2023-05-24	 AIRE NITOYO 28130-5H001                                     	1	60000	29000
366	CA3291C               	2023-05-24	AIRE FRAM AIR  MERCEDES 1113 CA3291C                              	2	120000	70657
367	MD620563              	2023-05-24	AIRE XPRO  MD620563                                        	1	70000	43000
368	16546-0T006  	2023-05-23	 AIRE NITOYO 16546-0T006                                              	2	90000	60000
369	16546-T9301	2023-05-24	AIRE NITOYO  16546-T9301                                     	1	65000	43000
370	MD017242	2023-05-24	AIRE HK MD017242	4	80000	60000
371	MD603932	2023-05-24	AIRE NITOYO  MD603932                                        	1	45000	21968
372	6956216267802         	2023-05-24	AIRE FILTER  MD603932                                        	3	55000	27000
373	17801-54140	2023-05-24	AIRE  NITOYO 17801-54140                                     	2	60000	40000
374	8-94334-906-0 	2023-05-24	AIRE NITOYO  8-94334-906-0                                   	1	40000	19000
375	8-97044226-0	2023-05-24	AIRE NITOYO 8-97044226-0	1	40000	18000
377	7798151949257         	2023-05-24	AIRE WEGA  FAP-6125                                          	1	140000	69000
379	16546-1C300	2023-05-24	AIRE NITOYO  16546-1C300                                     	1	35000	22650
380	 C17225/3	2023-05-24	AIRE MANN FILTER AIRE C17225/3                                   	1	150000	98000
378	CA3295	2023-05-23	 AIRE NITOYO CA3295                                          	2	45000	21453
376	MD620109	2023-05-23	AIRE NITOYO  MD620109                                        	3	45000	22471
381	CA4202	2023-05-23	NITOYO AIRE CA4202                                          	1	75000	36000
382	7798159127480         	2023-05-24	AIRE WEGA  WAP-286                                           	1	130000	64000
\.


--
-- Data for Name: proveedor; Type: TABLE DATA; Schema: public; Owner: postgres
--

COPY public.proveedor (id, create_at, documento, nombre_completo, telefono) FROM stdin;
2	2023-05-10	80001868-0	MOBIL	021674900
3	2023-05-10	80035312-9	VISTONY	0986-454-534
4	2023-05-13	80020578-2	ELECTRODIESEL	0800117676
1	2023-04-26		MARIAM S.A	015558965
\.


--
-- Name: ajuste_stock_detalle_id_seq; Type: SEQUENCE SET; Schema: public; Owner: postgres
--

SELECT pg_catalog.setval('public.ajuste_stock_detalle_id_seq', 1, true);


--
-- Name: ajuste_stock_id_seq; Type: SEQUENCE SET; Schema: public; Owner: postgres
--

SELECT pg_catalog.setval('public.ajuste_stock_id_seq', 1, true);


--
-- Name: clientes_id_seq; Type: SEQUENCE SET; Schema: public; Owner: postgres
--

SELECT pg_catalog.setval('public.clientes_id_seq', 25, true);


--
-- Name: compras_detalles_id_seq; Type: SEQUENCE SET; Schema: public; Owner: postgres
--

SELECT pg_catalog.setval('public.compras_detalles_id_seq', 23, true);


--
-- Name: compras_id_seq; Type: SEQUENCE SET; Schema: public; Owner: postgres
--

SELECT pg_catalog.setval('public.compras_id_seq', 9, true);


--
-- Name: facturas_detalles_id_seq; Type: SEQUENCE SET; Schema: public; Owner: postgres
--

SELECT pg_catalog.setval('public.facturas_detalles_id_seq', 166, true);


--
-- Name: facturas_id_seq; Type: SEQUENCE SET; Schema: public; Owner: postgres
--

SELECT pg_catalog.setval('public.facturas_id_seq', 58, true);


--
-- Name: productos_id_seq; Type: SEQUENCE SET; Schema: public; Owner: postgres
--

SELECT pg_catalog.setval('public.productos_id_seq', 382, true);


--
-- Name: proveedor_id_seq; Type: SEQUENCE SET; Schema: public; Owner: postgres
--

SELECT pg_catalog.setval('public.proveedor_id_seq', 4, true);


--
-- Name: ajuste_stock_detalle ajuste_stock_detalle_pkey; Type: CONSTRAINT; Schema: public; Owner: postgres
--

ALTER TABLE ONLY public.ajuste_stock_detalle
    ADD CONSTRAINT ajuste_stock_detalle_pkey PRIMARY KEY (id);


--
-- Name: ajuste_stock ajuste_stock_pkey; Type: CONSTRAINT; Schema: public; Owner: postgres
--

ALTER TABLE ONLY public.ajuste_stock
    ADD CONSTRAINT ajuste_stock_pkey PRIMARY KEY (id);


--
-- Name: clientes clientes_pkey; Type: CONSTRAINT; Schema: public; Owner: postgres
--

ALTER TABLE ONLY public.clientes
    ADD CONSTRAINT clientes_pkey PRIMARY KEY (id);


--
-- Name: compras_detalles compras_detalles_pkey; Type: CONSTRAINT; Schema: public; Owner: postgres
--

ALTER TABLE ONLY public.compras_detalles
    ADD CONSTRAINT compras_detalles_pkey PRIMARY KEY (id);


--
-- Name: compras compras_pkey; Type: CONSTRAINT; Schema: public; Owner: postgres
--

ALTER TABLE ONLY public.compras
    ADD CONSTRAINT compras_pkey PRIMARY KEY (id);


--
-- Name: facturas_detalles facturas_detalles_pkey; Type: CONSTRAINT; Schema: public; Owner: postgres
--

ALTER TABLE ONLY public.facturas_detalles
    ADD CONSTRAINT facturas_detalles_pkey PRIMARY KEY (id);


--
-- Name: facturas facturas_pkey; Type: CONSTRAINT; Schema: public; Owner: postgres
--

ALTER TABLE ONLY public.facturas
    ADD CONSTRAINT facturas_pkey PRIMARY KEY (id);


--
-- Name: productos productos_pkey; Type: CONSTRAINT; Schema: public; Owner: postgres
--

ALTER TABLE ONLY public.productos
    ADD CONSTRAINT productos_pkey PRIMARY KEY (id);


--
-- Name: proveedor proveedor_pkey; Type: CONSTRAINT; Schema: public; Owner: postgres
--

ALTER TABLE ONLY public.proveedor
    ADD CONSTRAINT proveedor_pkey PRIMARY KEY (id);


--
-- Name: ajuste_stock_detalle actualizar_existencia_ajuste; Type: TRIGGER; Schema: public; Owner: postgres
--

CREATE TRIGGER actualizar_existencia_ajuste AFTER INSERT OR DELETE ON public.ajuste_stock_detalle FOR EACH ROW EXECUTE FUNCTION public.actualizar_existencia_inventario();


--
-- Name: compras_detalles actualizar_existencia_compras; Type: TRIGGER; Schema: public; Owner: postgres
--

CREATE TRIGGER actualizar_existencia_compras AFTER INSERT OR DELETE ON public.compras_detalles FOR EACH ROW EXECUTE FUNCTION public.actualizar_existencia_compras();


--
-- Name: facturas_detalles actualizar_existencia_ventas; Type: TRIGGER; Schema: public; Owner: postgres
--

CREATE TRIGGER actualizar_existencia_ventas AFTER INSERT OR DELETE ON public.facturas_detalles FOR EACH ROW EXECUTE FUNCTION public.actualizar_existencia();


--
-- Name: facturas fk1qiuk10rfkovhlfpsk7oic0v8; Type: FK CONSTRAINT; Schema: public; Owner: postgres
--

ALTER TABLE ONLY public.facturas
    ADD CONSTRAINT fk1qiuk10rfkovhlfpsk7oic0v8 FOREIGN KEY (cliente_id) REFERENCES public.clientes(id);


--
-- Name: compras_detalles fk3otvyak6obfnc1qt9fo03vqbl; Type: FK CONSTRAINT; Schema: public; Owner: postgres
--

ALTER TABLE ONLY public.compras_detalles
    ADD CONSTRAINT fk3otvyak6obfnc1qt9fo03vqbl FOREIGN KEY (producto_id) REFERENCES public.productos(id);


--
-- Name: facturas_detalles fk4onn95k4hxkwr3172qajdsu7c; Type: FK CONSTRAINT; Schema: public; Owner: postgres
--

ALTER TABLE ONLY public.facturas_detalles
    ADD CONSTRAINT fk4onn95k4hxkwr3172qajdsu7c FOREIGN KEY (producto_id) REFERENCES public.productos(id);


--
-- Name: compras fk5clsikm051qlae1d6xjkpaik6; Type: FK CONSTRAINT; Schema: public; Owner: postgres
--

ALTER TABLE ONLY public.compras
    ADD CONSTRAINT fk5clsikm051qlae1d6xjkpaik6 FOREIGN KEY (proveedor_id) REFERENCES public.proveedor(id);


--
-- Name: ajuste_stock_detalle fk6yhrgv0ppb04hohq78b5po80h; Type: FK CONSTRAINT; Schema: public; Owner: postgres
--

ALTER TABLE ONLY public.ajuste_stock_detalle
    ADD CONSTRAINT fk6yhrgv0ppb04hohq78b5po80h FOREIGN KEY (ajuste_stock_id) REFERENCES public.ajuste_stock(id);


--
-- Name: facturas_detalles fk8d1rgbo5fxr1148ep7r9tdspe; Type: FK CONSTRAINT; Schema: public; Owner: postgres
--

ALTER TABLE ONLY public.facturas_detalles
    ADD CONSTRAINT fk8d1rgbo5fxr1148ep7r9tdspe FOREIGN KEY (factura_id) REFERENCES public.facturas(id);


--
-- Name: ajuste_stock_detalle fkimuhaj41un7w8ypyqe8ovs8vf; Type: FK CONSTRAINT; Schema: public; Owner: postgres
--

ALTER TABLE ONLY public.ajuste_stock_detalle
    ADD CONSTRAINT fkimuhaj41un7w8ypyqe8ovs8vf FOREIGN KEY (producto_id) REFERENCES public.productos(id);


--
-- Name: compras_detalles fknh214xmdog1hmmt03isq45l0i; Type: FK CONSTRAINT; Schema: public; Owner: postgres
--

ALTER TABLE ONLY public.compras_detalles
    ADD CONSTRAINT fknh214xmdog1hmmt03isq45l0i FOREIGN KEY (compra_id) REFERENCES public.compras(id);


--
-- Name: ajuste_stock fknqca7i07vwwinho5bam2u1k4m; Type: FK CONSTRAINT; Schema: public; Owner: postgres
--

ALTER TABLE ONLY public.ajuste_stock
    ADD CONSTRAINT fknqca7i07vwwinho5bam2u1k4m FOREIGN KEY (proveedor_id) REFERENCES public.proveedor(id);


--
-- PostgreSQL database dump complete
--

